{
  "advancedchat.config.yes": "Correct!",

  "advancedchat.screen.main": "§3Advanced§5Chat§f Config",
  "advancedchat.screen.chatlog": "§3Advanced§5Chat§f ChatLog",
  "advancedchat.screen.sound": "Sound Settings",
  "advancedchat.screen.suggestors": "Suggestors Settings",
  "advancedchat.screen.shortcut": "Shortcut Settings",
  "advancedchat.gui.button.save": "Save",
  "advancedchat.gui.button.addtab": "New Chat Tab",
  "advancedchat.gui.button.addfilter": "New Filter",
  "advancedchat.gui.button.back": "Back",
  "advancedchat.gui.button.import": "Import Filters/Chat Tabs",
  "advancedchat.gui.button.export": "Export",
  "advancedchat.gui.button.importfilter": "Import Filter",
  "advancedchat.gui.button.importtab": "Import Tab",
  "advancedchat.gui.button.settings": "Settings",
  "advancedchat.gui.button.chatlog": "Chat Log",
  "advancedchat.gui.button.addshortcut": "Add New Shortcut",
  "advancedchat.gui.menu.import": "Import/Export Filters and Chat Tabs",
  "advancedchat.gui.message.successful": "Successfully imported!",
  "advancedchat.gui.message.error": "Could not import",
  "advancedchat.config.tab.general": "§7General",
  "advancedchat.config.tab.chatscreen": "§9Chat HUD",
  "advancedchat.config.tab.chatlog": "§aChat Log",
  "advancedchat.config.tab.chatsuggestor": "§dChat Suggestor",
  "advancedchat.config.tab.tabs": "§bChat Tabs",
  "advancedchat.config.tab.filters": "§cChat Filters",
  "advancedchat.config.processoron": "%s",
  "advancedchat.config.shortcutmenu.remove": "§cRemove",


  "advancedchat.config.general.timeformat": "Time Format",
  "advancedchat.config.general.info.timeformat": "How time is displayed if §6Show Time§r is enabled for both the §9Chat HUD§r and the §aChat Log§r. \nSee the §6SimpleDateFormat§r class for the format ",
  "advancedchat.config.general.timetextformat": "Complete Time Format",
  "advancedchat.config.general.info.timetextformat": "How the §6text§r surrounding the §6time§r is formatted",
  "advancedchat.config.general.timecolor": "Time Color",
  "advancedchat.config.general.info.timecolor": "What color the §6time§r will display as",
  "advancedchat.config.general.clearondisconnect": "Clear Chat Messages on Disconnect",
  "advancedchat.config.general.info.clearondisconnect": "Whether or not chat messages are kept upon §6disconnecting from servers§r or §6quitting from a singleplayer world§r \nChat messages are §cnot kept§r upon §6quitting the game§r, regardless of this setting",
  "advancedchat.config.general.chatstack": "Stack Duplicate Messages",
  "advancedchat.config.general.info.chatstack": "How many previous lines are checked for §6stacking duplicate messages§r \nSet to §60§r to disable stacking duplicate messages",
  "advancedchat.config.general.chatheads": "Display Chat Heads",
  "advancedchat.config.general.info.chatheads": "Whether or not the §6head of the message sender§r displays beside their message",
  "advancedchat.config.general.messageownerregex": "Message Owner Regex",
  "advancedchat.config.general.info.chatheadregex": "The §6regular expression§r used to detect the head used for chat heads \n§cDon't mess with this unless you §c§oreally §cunderstand what you're working with!",

  "advancedchat.config.chatscreen.width": "Chat Width",
  "advancedchat.config.chatscreen.info.width": "The §6width §rof the §9Chat HUD \nOverrides Vanilla chat width!",
  "advancedchat.config.chatscreen.height": "Chat Height",
  "advancedchat.config.chatscreen.info.height": "The §6height §rof the §9Chat HUD \nOverrides Vanilla chat width!",
  "advancedchat.config.chatscreen.showtabs":  "Show Chat Tabs",
  "advancedchat.config.chatscreen.info.showtabs": "Whether or not §bChat Tabs §rare visible on the §6side§r of the §9Chat HUD",
  "advancedchat.config.chatscreen.leftpad": "Left-Side Chat Padding",
  "advancedchat.config.chatscreen.info.leftpad": "The amount of space between the §6left side§r of the chat box to where the §6text starts",
  "advancedchat.config.chatscreen.rightpad": "Right-Side Chat Padding",
  "advancedchat.config.chatscreen.info.rightpad": "The amount of space between the §6right side§r of the chat box to where the §6text breaks",
  "advancedchat.config.chatscreen.bottompad": "Bottom-Side Chat Padding",
  "advancedchat.config.chatscreen.info.bottompad": "The amount of space between the §6bottom§r of the chat box to the §6newest message",
  "advancedchat.config.chatscreen.toppad": "Top-Side Chat Padding",
  "advancedchat.config.chatscreen.info.toppad": "The amount of space between the §6top§r of the chat box to the §6old",
  "advancedchat.config.chatscreen.tabsidechars": "Max Abbreviation Length",
  "advancedchat.config.chatscreen.info.tabsidechars": "The most amount of characters used for §6abbreviations§r of §bChat Tabs&r \nAffects the appearence of chat tabs §6beside§r the §9Chat HUD",
  "advancedchat.config.chatscreen.visibility": "Chat Visibility",
  "advancedchat.config.chatscreen.info.visibility": "What the behavior of the §6visibility§r the §9Chat HUD§r should be \n§6Vanilla §r- §9Chat HUD §rrenders as it does in §6Vanilla \n§aAlways §r- Renders the §9Chat HUD §6at all times \n§cFocus Only §r- Renders the §9Chat HUD §6only §rif the §6Chat Box§r is open",
  "advancedchat.config.visibility.vanilla": "§6Vanilla",
  "advancedchat.config.visibility.always": "§aAlways",
  "advancedchat.config.visibility.focus_only": "§cFocus Only",
  "advancedchat.config.chatscreen.linespace": "Spacing Between Lines",
  "advancedchat.config.chatscreen.info.linespace": "The §6space§r (in pixels) between lines of chat",
  "advancedchat.config.chatscreen.x": "Chat X",
  "advancedchat.config.chatscreen.info.x": "The §6x-coodinate §rof the chat box, starting at the §6bottom-left §rside of the screen",
  "advancedchat.config.chatscreen.y": "Chat Y",
  "advancedchat.config.chatscreen.info.y": "The §6y-coodinate §rof the chat box, starting at the §6bottom-left §rside of the screen",
  "advancedchat.config.chatscreen.messagespace": "Padding Between Messages",
  "advancedchat.config.chatscreen.info.messagespace": "How much space should be between §6individual messages",
  "advancedchat.config.chatscreen.chatscale": "Chat Scale",
  "advancedchat.config.chatscreen.info.chatscale": "How §6big or small §rthe text §6inside§r of the chat box is. Does not affect the size of the §9Chat HUD§r!",
  "advancedchat.config.chatscreen.fadetime": "Fade Speed",
  "advancedchat.config.chatscreen.info.fadetime": "How quickly messages take to §6fade-out§r",
  "advancedchat.config.chatscreen.fadestart": "Time Until Fade",
  "advancedchat.config.chatscreen.info.fadestart": "The §6number of ticks §rbefore newly received messages begin to disappear",
  "advancedchat.config.chatscreen.fadetype": "Fade Style",
  "advancedchat.config.chatscreen.info.fadetype": "The §6easing function§r used for the fade animation \nVanilla uses §6linear §reasing",
  "advancedchat.config.easing.linear": "§cLinear",
  "advancedchat.config.easing.sine": "§6Sinusoidal",
  "advancedchat.config.easing.quad": "§eQuadratic",
  "advancedchat.config.easing.quart": "§aQuartic",
  "advancedchat.config.easing.circ": "§bCircular",
  "advancedchat.config.chatscreen.hudbackgroundcolor": "HUD Background Color",
  "advancedchat.config.chatscreen.info.hudbackgroundcolor": "The color of the §6background §rof the §9Chat HUD",
  "advancedchat.config.chatscreen.emptytextcolor": "Empty Text Color",
  "advancedchat.config.chatscreen.info.emptytextcolor": "The color of text with §6no formatting §r(such as text formatted with §6§r)",
  "advancedchat.config.chatscreen.hudlinetype": "Background Line Style",
  "advancedchat.config.chatscreen.info.hudlinetype": "How the §6background §rof the §6unfocused §9Chat HUD §ris fitted to the messages \n§6Full §r- Fits the background to the §6width §r of the §9Chat HUD §r \n§bCompact §r- Fits the background to the length of each respective §6line§r",
  "advancedchat.config.hudlinetype.full": "§6Full",
  "advancedchat.config.hudlinetype.compact": "§bCompact",
  "advancedchat.config.chatscreen.alternatelines": "Striped Messages",
  "advancedchat.config.chatscreen.info.alternatelines": "Whether or not the backgrounds of §6every other message §ris colored differently to create a §6striped§r effect \n§7Helps to differentiate between messages",
  "advancedchat.config.chatscreen.showtime": "Show Time",
  "advancedchat.config.chatscreen.info.showtime": "Whether or not the §6time §ris displayed in the §9Chat HUD §r \nThe format can be configured in §7General§r",
  "advancedchat.config.chatscreen.storedlines": "Stored Lines",
  "advancedchat.config.chatscreen.info.storedlines": "The §6maximum§r amount of lines stored in the §9Chat HUD§r \n§7Excessively large values may result in out-of-memory errors!",
  "advancedchat.config.chatscreen.persistenttext": "Persistent Text",
  "advancedchat.config.chatscreen.info.persistenttext": "Whether or not messages that are §6typed but not sent§r are kept after closing the §9Chat Box",
  "advancedchat.config.chatscreen.moretext": "Extended Text Limit",
  "advancedchat.config.chatscreen.info.moretext": "Whether or not messages that are §6over the 256 character limit§r are broken into multiple chat messages",
  "advancedchat.config.chatscreen.sendtocurrenttab": "Always Send Message to Focused Tab",
  "advancedchat.config.chatscreen.info.sendtocurrenttab": "Whether or not messages §6sent by you§r are displayed in the currently focused tab, §6regardless of the chat filter",

  "advancedchat.config.chatlog.storedlines": "Stored Lines",
  "advancedchat.config.chatlog.info.storedlines": "The §6maximum§r amount of lines stored in the §aChat Log§r \n§7Excessively large values may result in out-of-memory errors!",
  "advancedchat.config.chatlog.showtime": "Show Time",
  "advancedchat.config.chatlog.info.showtime": "Whether or not the §6time §ris displayed in the §aChat Log §r \nThe format can be configured in §7General§r",

  "advancedchat.config.chatsuggestor.button.config_suggestors": "Configure Suggestors",
  "advancedchat.config.chatsuggestor.players": "Suggest Players",
  "advancedchat.config.chatsuggestor.info.players": "Whether or not §6player names§r are suggested in chat\nThese show up by pressing tab",
  "advancedchat.config.chatsuggestor.shortcuts": "Suggest Shortcuts",
  "advancedchat.config.chatsuggestor.info.shortcuts": "Whether or not §6shortcuts§r are suggested as you type\nShortcuts are a way to bind a memorable phrase to a string of text, such as for emoticons\nTo use shortcuts, put a §6colon (§f:§6)§r and the shortcut name, and press §6tab",
  "advancedchat.config.chatsuggestor.calculator": "In-Chat Calculator",
  "advancedchat.config.chatsuggestor.info.calculator": "Whether or not the §6chat calculator§r is active\nTo use the chat calculator, put a §6math expression§r inside of §6[§fBrackets§6]§r\nExpressions follow the format of §6mXParser",
  "advancedchat.config.chatsuggestor.spellcheck": "Spell Checker",
  "advancedchat.config.chatsuggestor.info.spellcheck": "Whether or not the §6spell-checker§r is active",

  "advancedchat.config.chatsuggestor.button.config_formatters": "Configure Formatters",
  "advancedchat.config.chatformatter.commandcolorer": "Custom Command Highlighting",
  "advancedchat.config.chatformatter.info.commandcolorer": "Whether or not custom colors are used to highlight part of a §6command§r in the §9Chat HUD",
  "advancedchat.config.chatformatter.jsonformatter": "Highlight JSON in Commands",
  "advancedchat.config.chatformatter.info.jsonformatter": "Whether or not §6JSON§r is parsed and highlighted in the §9Chat HUD",

  "advancedchat.config.chatsuggestor.highlightcolor": "Highlight Color",
  "advancedchat.config.chatsuggestor.info.highlightcolor": "What color §6selected suggestions§r should be",
  "advancedchat.config.chatsuggestor.unhighlightcolor": "Non-Highlighted Color",
  "advancedchat.config.chatsuggestor.info.unhighlightcolor": "What color §6non-selected suggestions§r should be",
  "advancedchat.config.chatsuggestor.backgroundcolor": "Background Color",
  "advancedchat.config.chatsuggestor.info.backgroundcolor": "What color the §6background§r of the §dChat Suggestor§r should be",
  "advancedchat.config.chatsuggestor.suggestionsize": "Number of Suggestions",
  "advancedchat.config.chatsuggestor.info.suggestionsize": "The §6maximum number of suggestions§r that the §dChat Suggestor§r should display at once",
  "advancedchat.config.chatsuggestor.removeidentifier": "Remove Namespace",
  "advancedchat.config.chatsuggestor.info.removeidentifier": "Whether or not the §6namespace§r should be omitted from the §dChat Suggestor§r\nThe namespace is the part of the ID that §6preceeds§r the colon and \nincludes the colon, such as '§6minecraft:§r' in minecraft:stone",
  "advancedchat.config.chatsuggestor.pruneplayersuggestions": "Prune Player Suggestions",
  "advancedchat.config.chatsuggestor.info.pruneplayersuggestions": "Whether or not §6non-real players§r, such as the fake players used in BungeeTabListPlus, are removed from the §dChatSuggestor",
  "advancedchat.config.chatsuggestor.availablesuggestioncolor": "Available Suggestion Color",
  "advancedchat.config.chatsuggestor.info.availablesuggestioncolor": "What color §6custom chat suggestors§r will show up as",

  "advancedchat.config.tabmenu.configure": "§bConfigure",
  "advancedchat.config.tabmenu.remove": "§cDelete",

  "advancedchat.config.tab.name": "Tab Name",
  "advancedchat.config.tab.info.name": "What the tab shows up as §6in the config \n§7§oIt is good practice to name your tabs meaningfully!",
  "advancedchat.config.tab.startingmessage": "Starting Message",
  "advancedchat.config.tab.info.startingmessage": "What text shows up §6when the tab is focused§r",
  "advancedchat.config.tab.abbreviation": "Tab HUD Abbreviation",
  "advancedchat.config.tab.info.abbreviation": "What the tab shows up as §6on the side of the §9Chat HUD§r if §6Show Chat Tabs§r is enabled under §9Chat HUD§r settings",
  "advancedchat.config.tab.forward": "Forward Messages to Main",
  "advancedchat.config.tab.info.forward": "Whether or not messages sent to this chat tab also show up in the §6main chat tab§r",
  "advancedchat.config.tab.forwardtoggle": "%s",
  "advancedchat.config.tab.findstring": "Find String",
  "advancedchat.config.tab.info.findstring": "The string that will be §6searached§r and §6diverted to this tab§r",
  "advancedchat.config.tab.findtype": "Find Type",
  "advancedchat.config.tab.info.findtype": "How matches will be found\n§6Literal §r- Matches §6exactly §rthe string\n§eUpper-Lower §r- Like §6Literal, §rbut not §6case-sensitive\n§bRegEx §r - Parses the string as a §6regular expression\n§dAll §r- Passes §6all §rtext through to the tab, regardless of the string to find",

  "advancedchat.config.filterdescription": "§7Name§r: <name> \n§aFind String§r: <find>\n§eFind Type§r: <findtype>",
  "advancedchat.config.filtermenu.configure": "§bConfigure",
  "advancedchat.config.filtermenu.active": "%s",
  "advancedchat.config.filtermenu.remove": "§cDelete",

  "advancedchat.config.filter.editor.config": "Filter Settings",
  "advancedchat.config.filter.editor.children": "Child Filter Settings",

  "advancedchat.config.filter.name": "Filter Name",
  "advancedchat.config.filter.info.name": "What the filter shows up as §6in the config§r\n §7§bIt is good practice to name your filters meaningfully!",
  "advancedchat.config.filter.findstring": "String to Find",
  "advancedchat.config.filter.info.findstring": "The string that will be §6searached§r and §6filtered§r ",
  "advancedchat.config.filter.findtype": "Filter Type",
  "advancedchat.config.filter.info.findtype": "How matches will be found\n§6Literal §r- Matches §6exactly §rthe string\n§eUpper-Lower §r- Like §6Literal, §rbut not §6case-sensitive\n§bRegEx §r - Parses the string as a §6regular expression\n§dAll §r- Passes §6all §rtext through the filter, regardless of the string to find. This option is mainly used if you want to use a parent filter soley for grouping several child filters",
  "advancedchat.config.findtype.literal": "§6Literal",
  "advancedchat.config.findtype.upperlower": "§eUpper-Lower",
  "advancedchat.config.findtype.regex": "§bRegEx",
  "advancedchat.config.findtype.all": "§dAll",
  "advancedchat.config.filter.replaceto": "Replace to",
  "advancedchat.config.filter.info.replaceto": "The string that §6replaces §rwhat is set for §6replace type §r\n§b%MATCH% is replaced by whatever §6triggered§r the filter",
  "advancedchat.config.filter.replacetype": "Replace Type",
  "advancedchat.config.filter.info.replacetype": "How the filter should replace the matched message \n§eOnly Match §r- Replaces only what §6triggered §rthe filter \n§6Full Message §r- Replaces the full message with the §6replace to§r string \n§dChildren §r- Passes the §6matched string§r to be modified by §6child filters \n§cNone §r - Replaces §6nothing",
  "advancedchat.config.replacetype.onlymatch": "§eOnly Match",
  "advancedchat.config.replacetype.fullmessage": "§aFull Message",
  "advancedchat.config.replacetype.children": "§dChildren",
  "advancedchat.config.replacetype.owo": "§6OwO",
  "advancedchat.config.replacetype.reverse": "§5Reverse",
  "advancedchat.config.replacetype.rainbow": "§9Rainbow",
  "advancedchat.config.replacetype.romannumeral": "§bRoman Numeral",
  "advancedchat.config.replacetype.none": "§cNone",

  "advancedchat.config.filter.editor.processors": "Message Processor Settings",
  "advancedchat.config.processor.chat": "§bChat",
  "advancedchat.config.processor.info.chat": "Whether or not messages caught by the filter are sent to the §aChat Box§r",
  "advancedchat.config.processor.actionbar": "§eAction Bar",
  "advancedchat.config.processor.info.actionbar": "Whether or not messages caught by the filter are sent to the §eAction Bar§r",
  "advancedchat.config.processor.sound": "§dSound",
  "advancedchat.config.processor.info.sound": "Whether or not messages caught by the filter §6play a §dsound",

  "advancedchat.config.filter.textcolor": "Text Color",
  "advancedchat.config.filter.info.textcolor": "The color of the §6replaced text§r when the filter is triggered \n§7This setting gets overridden by §6legacy formatting codes§7!",
  "advancedchat.config.filter.replacetextcolor": "Replace Text Color?",
  "advancedchat.config.filter.info.replacetextcolor": "Whether or not the §6custom text color§r should be used when the filter is triggered",
  "advancedchat.config.filter.textcoloractive": "%s",
  "advancedchat.config.filter.backgroundcolor": "Background Color",
  "advancedchat.config.filter.info.backgroundcolor": "The color of the §6background§r when the filter is triggered \n§7This setting gets overridden by §6legacy formatting codes§7!",
  "advancedchat.config.filter.replacebackgroundcolor": "Replace Background Color?",
  "advancedchat.config.filter.info.replacebackgroundcolor": "Whether or not the §6background§r should be replaced when the filter is triggered",
  "advancedchat.config.filter.backgroundcoloractive": "%s",

  "advancedchat.config.sound.soundvolume": "Sound Volume",
  "advancedchat.config.sound.info.soundvolume": "How §6loud or quiet§r the notification sound is. Equivalent to the §6volume§r argument when using /playsound ",
  "advancedchat.config.sound.soundpitch": "Sound Pitch",
  "advancedchat.config.sound.info.soundpitch": "How §6high or low§r the notification sound is. Equivalent to the §6pitch§r argument when using /playsound",
  "advancedchat.config.sound.notifysound": "Notify Sound",
  "advancedchat.config.sound.info.notifysound": "The sound that plays §6when the filter is triggered§r",
  "advancedchat.config.notifysound.none": "none",
  "advancedchat.config.notifysound.arrow_hit_player": "arrow_hit_player",
  "advancedchat.config.notifysound.anvil_break": "anvil_break",
  "advancedchat.config.notifysound.beacon_activate": "beacon_activate",
  "advancedchat.config.notifysound.elder_guardian_curse": "elder_guardian_curse"
}