{
	"credit": "Made with Blockbench",
	"texture_size": [64, 64],
	"textures": {
		"0": "easteregg:bangetto",
		"particle": "easteregg:bangetto"
	},
	"elements": [
		{
			"from": [4, 0, 4],
			"to": [12, 8, 12],
			"faces": {
				"north": {"uv": [2, 2, 4, 4], "texture": "#0"},
				"east": {"uv": [0, 2, 2, 4], "texture": "#0"},
				"south": {"uv": [6, 2, 8, 4], "texture": "#0"},
				"west": {"uv": [4, 2, 6, 4], "texture": "#0"},
				"up": {"uv": [4, 2, 2, 0], "texture": "#0"},
				"down": {"uv": [6, 0, 4, 2], "texture": "#0"}
			}
		},
		{
			"from": [3.5, -0.5, 3.5],
			"to": [12.5, 8.5, 12.5],
			"faces": {
				"north": {"uv": [2, 10.75, 4.5, 13], "texture": "#0"},
				"east": {"uv": [8, 1.75, 10.5, 4], "texture": "#0"},
				"south": {"uv": [13.5, 1.75, 16, 4], "texture": "#0"},
				"west": {"uv": [11, 1.75, 13.5, 4], "texture": "#0"},
				"up": {"uv": [6.75, 11.25, 4.25, 8.75], "texture": "#0"},
				"down": {"uv": [14.25, 0, 11.75, 2.5], "texture": "#0"}
			}
		},
		{
			"name": "head",
			"from": [4, 0, 4],
			"to": [12, 8, 12],
			"faces": {
				"north": {"uv": [2, 2, 4, 4], "texture": "#0"},
				"east": {"uv": [0, 2, 2, 4], "texture": "#0"},
				"south": {"uv": [6, 2, 8, 4], "texture": "#0"},
				"west": {"uv": [4, 2, 6, 4], "texture": "#0"},
				"up": {"uv": [4, 2, 2, 0], "texture": "#0"},
				"down": {"uv": [6, 0, 4, 2], "texture": "#0"}
			}
		},
		{
			"name": "headwear",
			"from": [3.5, -0.5, 3.5],
			"to": [12.5, 8.5, 12.5],
			"faces": {
				"north": {"uv": [10, 2, 12, 4], "texture": "#0"},
				"east": {"uv": [8, 2, 10, 4], "texture": "#0"},
				"south": {"uv": [14, 2, 16, 4], "texture": "#0"},
				"west": {"uv": [12, 2, 14, 4], "texture": "#0"},
				"up": {"uv": [12, 2, 10, 0], "texture": "#0"},
				"down": {"uv": [14, 0, 12, 2], "texture": "#0"}
			}
		}
	],
	"display": {
		"thirdperson_righthand": {
			"rotation": [75, 45, 0],
			"translation": [0, 2.5, 2],
			"scale": [0.5, 0.5, 0.5]
		},
		"thirdperson_lefthand": {
			"rotation": [75, 45, 0],
			"translation": [0, 2.5, 2],
			"scale": [0.5, 0.5, 0.5]
		},
		"firstperson_righthand": {
			"rotation": [0, -45, 0],
			"translation": [0, 2.5, 0],
			"scale": [0.5, 0.5, 0.5]
		},
		"firstperson_lefthand": {
			"rotation": [0, -45, 0],
			"translation": [0, 2.5, 0],
			"scale": [0.5, 0.5, 0.5]
		},
		"ground": {
			"translation": [0, 3, 0],
			"scale": [0.5, 0.5, 0.5]
		},
		"gui": {
			"rotation": [30, -136, 0],
			"translation": [0, 3, 0]
		},
		"head": {
			"translation": [0, 6.5, 0],
			"scale": [1.61, 1.62, 1.61]
		},
		"fixed": {
			"translation": [0, 3, 0]
		}
	},
	"groups": [
		0,
		1,
		{
			"name": "head",
			"origin": [0, 24, 0],
			"color": 0,
			"nbt": "{}",
			"children": [2]
		},
		{
			"name": "headwear",
			"origin": [0, 24, 0],
			"color": 0,
			"nbt": "{}",
			"children": [3]
		}
	]
}