{
    "providers": [
        {
            "type": "ttf",
            "file": "minecraft:seguiemj.ttf",
            "shift": [0.0, 1.5],
            "size": 8.0,
            "oversample": 16.0
        },
        {
            "type": "legacy_unicode",
            "sizes": "minecraft:font/glyph_sizes.bin",
            "template": "minecraft:font/unicode_page_%s.png"
        },
        {
            "type": "ttf",
            "file": "minecraft:seguisym.ttf",
            "shift": [0.0, 1.5],
            "size": 8.0,
            "oversample": 16.0
        },
        {
            "type": "ttf",
            "file": "minecraft:simsunb_xyb.ttf",
            "shift": [0.0, 1.5],
            "size": 8.0,
            "oversample": 16.0
        }
    ]
}