{
	"credit": "Made with Blockbench",
	"ambientocclusion": false,
	"textures": {
		"particle": "block/frogspawn",
		"texture": "block/frogspawn"
	},
	"elements": [
		{
			"from": [0, 0.25, 0],
			"to": [16, 0.25, 16],
			"faces": {
				"up": {"uv": [0, 0, 16, 16], "texture": "#texture"},
				"down": {"uv": [0, 16, 16, 0], "texture": "#texture"}
			}
		}
	],
	"display": {
		"thirdperson_righthand": {
			"rotation": [90, 0, 0],
			"translation": [0, 0, 8]
		},
		"thirdperson_lefthand": {
			"rotation": [90, 0, 0],
			"translation": [0, 0, 8]
		},
		"firstperson_righthand": {
			"rotation": [90, 0, 0],
			"translation": [15, -12, 0],
			"scale": [2, 2, 2]
		},
		"firstperson_lefthand": {
			"rotation": [90, 0, 0],
			"translation": [15, -12, 0],
			"scale": [2, 2, 2]
		},
		"ground": {
			"rotation": [90, 0, 0],
			"translation": [0, 1.5, 7.75]
		},
		"gui": {
			"rotation": [90, 0, 0]
		},
		"fixed": {
			"rotation": [90, 0, 0],
			"translation": [0, 0, 8],
			"scale": [1.15, 1.15, 1.15]
		}
	}
}