{
	"credit": "Made with Blockbench",
	"ambientocclusion": false,
	"textures": {
		"particle": "block/sculk_vein",
		"sculk_vein": "block/sculk_vein"
	},
	"elements": [
		{
			"from": [0, 0, 8],
			"to": [16, 16, 8],
			"faces": {
				"north": {"uv": [0, 0, 16, 16], "texture": "#sculk_vein"},
				"south": {"uv": [0, 0, 16, 16], "texture": "#sculk_vein"}
			}
		}
	],
	"display": {
		"thirdperson_righthand": {
			"translation": [0, 0, -0.1]
		},
		"thirdperson_lefthand": {
			"translation": [0, 0, -0.1]
		},
		"ground": {
			"translation": [0, 2, 0]
		},
		"head": {
			"translation": [0, 0, -6.5]
		},
		"fixed": {
			"translation": [0, 0, -0.1]
		}
	}
}